source_id,source_label,target_id,target_label,weight
0,1100,1,1102,5.69110598e-05
0,1100,2,1103,6.578764442e-05
0,1100,3,1104,5.454683924e-05
0,1100,4,1105,5.908323146e-05
0,1100,5,1106,6.654623576e-05
0,1100,6,1107,0.001232071663
0,1100,7,1108,0.9554170966
0,1100,8,1109,7.083702076e-05
0,1100,9,1110,7.014560833e-05
0,1100,10,1111,0.000283103931
0,1100,11,1302,5.454683924e-05
0,1100,12,1303,5.454683924e-05
0,1100,13,1304,6.039846267e-05
0,1100,14,1305,5.886203871e-05
0,1100,15,1306,5.595435141e-05
0,1100,16,1307,5.598045391e-05
0,1100,17,1308,5.454683924e-05
0,1100,18,1309,6.940069579e-05
0,1100,19,1310,5.829979636e-05
0,1100,20,1311,5.777117985e-05
0,1100,21,1312,5.619038711e-05
0,1100,22,1313,5.725494702e-05
0,1100,23,1314,5.4707034e-05
0,1100,24,1315,5.454683924e-05
0,1100,25,2402,5.454683924e-05
0,1100,26,2403,5.694086212e-05
0,1100,27,2404,5.821950981e-05
0,1100,28,2405,6.044934707e-05
0,1100,29,2406,5.454683924e-05
0,1100,30,2802,5.454683924e-05
0,1100,31,2803,5.454683924e-05
0,1100,32,2804,5.454683924e-05
0,1100,33,2805,5.454683924e-05
0,1100,34,2806,5.454683924e-05
0,1100,35,2807,5.454683924e-05
0,1100,36,2808,5.639245501e-05
0,1100,37,2809,5.510787742e-05
0,1100,38,3002,0.04085299745
0,1100,39,3003,5.454683924e-05
0,1100,40,3004,6.123877392e-05
0,1100,41,3005,7.41563199e-05
1,1102,0,1100,0.9993463159
1,1102,2,1103,5.858040595e-07
1,1102,3,1104,5.853182756e-07
1,1102,4,1105,6.517975635e-07
1,1102,5,1106,5.853182756e-07
1,1102,6,1107,5.853182756e-07
1,1102,7,1108,5.853182756e-07
1,1102,8,1109,5.853182756e-07
1,1102,9,1110,5.853182756e-07
1,1102,10,1111,5.584264727e-06
1,1102,11,1302,1.363933166e-06
1,1102,12,1303,8.515607419e-07
1,1102,13,1304,6.026210713e-07
1,1102,14,1305,6.045689815e-07
1,1102,15,1306,6.015094414e-07
1,1102,16,1307,6.04266404e-07
1,1102,17,1308,5.853182756e-07
1,1102,18,1309,5.853182756e-07
1,1102,19,1310,5.995112815e-07
1,1102,20,1311,5.853182756e-07
1,1102,21,1312,5.894776223e-07
1,1102,22,1313,6.657651852e-07
1,1102,23,1314,6.082540267e-07
1,1102,24,1315,8.70992892e-07
1,1102,25,2402,5.853182756e-07
1,1102,26,2403,5.853182756e-07
1,1102,27,2404,6.117345492e-07
1,1102,28,2405,6.209556886e-07
1,1102,29,2406,0.0006183640799
1,1102,30,2802,5.853182756e-07
1,1102,31,2803,2.035726538e-06
1,1102,32,2804,1.30040462e-06
1,1102,33,2805,7.809972544e-07
1,1102,34,2806,7.232473536e-07
1,1102,35,2807,1.508573291e-06
1,1102,36,2808,6.280356502e-07
1,1102,37,2809,5.853182756e-07
1,1102,38,3002,5.853182756e-07
1,1102,39,3003,2.254010269e-06
1,1102,40,3004,6.859254427e-07
1,1102,41,3005,6.274100883e-07
2,1103,0,1100,3.428496314e-07
2,1103,1,1102,1.02348281e-06
2,1103,3,1104,3.428496314e-07
2,1103,4,1105,3.428496314e-07
2,1103,5,1106,3.428496314e-07
2,1103,6,1107,0.0002091079368
2,1103,7,1108,7.632247434e-05
2,1103,8,1109,8.98713779e-07
2,1103,9,1110,1.773297072e-06
2,1103,10,1111,0.9996939898
2,1103,11,1302,3.428496314e-07
2,1103,12,1303,3.428496314e-07
2,1103,13,1304,3.428496314e-07
2,1103,14,1305,3.428496314e-07
2,1103,15,1306,3.428496314e-07
2,1103,16,1307,3.428496314e-07
2,1103,17,1308,3.428496314e-07
2,1103,18,1309,3.428496314e-07
2,1103,19,1310,3.428496314e-07
2,1103,20,1311,3.428496314e-07
2,1103,21,1312,3.428496314e-07
2,1103,22,1313,3.428496314e-07
2,1103,23,1314,3.428496314e-07
2,1103,24,1315,4.591476852e-07
2,1103,25,2402,3.428496314e-07
2,1103,26,2403,3.428496314e-07
2,1103,27,2404,3.428496314e-07
2,1103,28,2405,3.630467234e-07
2,1103,29,2406,3.428496314e-07
2,1103,30,2802,4.483943314e-07
2,1103,31,2803,9.419597973e-07
2,1103,32,2804,3.428496314e-07
2,1103,33,2805,3.428496314e-07
2,1103,34,2806,3.428496314e-07
2,1103,35,2807,3.428496314e-07
2,1103,36,2808,3.428496314e-07
2,1103,37,2809,3.428496314e-07
2,1103,38,3002,1.052331413e-06
2,1103,39,3003,3.428496314e-07
2,1103,40,3004,3.428496314e-07
2,1103,41,3005,3.295340548e-06
3,1104,0,1100,0.9620342851
3,1104,1,1102,0.0001038079281
3,1104,2,1103,9.635445895e-05
3,1104,4,1105,9.635445895e-05
3,1104,5,1106,9.635445895e-05
3,1104,6,1107,9.635445895e-05
3,1104,7,1108,9.635445895e-05
3,1104,8,1109,9.635445895e-05
3,1104,9,1110,9.635445895e-05
3,1104,10,1111,9.635445895e-05
3,1104,11,1302,0.0002302029898
3,1104,12,1303,9.748207231e-05
3,1104,13,1304,9.635445895e-05
3,1104,14,1305,9.635445895e-05
3,1104,15,1306,9.635445895e-05
3,1104,16,1307,9.635445895e-05
3,1104,17,1308,0.0001165454305
3,1104,18,1309,9.635445895e-05
3,1104,19,1310,9.635445895e-05
3,1104,20,1311,9.635445895e-05
3,1104,21,1312,9.635445895e-05
3,1104,22,1313,9.635445895e-05
3,1104,23,1314,9.635445895e-05
3,1104,24,1315,0.0001378931047
3,1104,25,2402,9.635445895e-05
3,1104,26,2403,9.645881073e-05
3,1104,27,2404,9.635445895e-05
3,1104,28,2405,9.635445895e-05
3,1104,29,2406,0.0333577469
3,1104,30,2802,0.0001184989014
3,1104,31,2803,0.0001247653272
3,1104,32,2804,0.000232068458
3,1104,33,2805,0.0001037206457
3,1104,34,2806,0.0001537774951
3,1104,35,2807,0.0002669049427
3,1104,36,2808,9.635445895e-05
3,1104,37,2809,9.635445895e-05
3,1104,38,3002,9.635445895e-05
3,1104,39,3003,0.0002243669442
3,1104,40,3004,9.635445895e-05
3,1104,41,3005,9.635445895e-05
4,1105,0,1100,3.307197767e-05
4,1105,1,1102,6.696356286e-05
4,1105,2,1103,3.307197767e-05
4,1105,3,1104,3.307197767e-05
4,1105,5,1106,3.307197767e-05
4,1105,6,1107,0.002777367365
4,1105,7,1108,0.005935459398
4,1105,8,1109,6.514292909e-05
4,1105,9,1110,0.0001000169359
4,1105,10,1111,0.9896206856
4,1105,11,1302,3.307197767e-05
4,1105,12,1303,3.307197767e-05
4,1105,13,1304,3.307197767e-05
4,1105,14,1305,3.307197767e-05
4,1105,15,1306,3.307197767e-05
4,1105,16,1307,3.307197767e-05
4,1105,17,1308,3.307197767e-05
4,1105,18,1309,3.307197767e-05
4,1105,19,1310,3.307197767e-05
4,1105,20,1311,3.307197767e-05
4,1105,21,1312,3.307197767e-05
4,1105,22,1313,3.307197767e-05
4,1105,23,1314,3.307197767e-05
4,1105,24,1315,3.742734771e-05
4,1105,25,2402,3.307197767e-05
4,1105,26,2403,3.307197767e-05
4,1105,27,2404,3.307197767e-05
4,1105,28,2405,3.601849312e-05
4,1105,29,2406,3.307197767e-05
4,1105,30,2802,3.930054299e-05
4,1105,31,2803,4.992067261e-05
4,1105,32,2804,3.307197767e-05
4,1105,33,2805,3.307197767e-05
4,1105,34,2806,3.307197767e-05
4,1105,35,2807,3.307197767e-05
4,1105,36,2808,3.307197767e-05
4,1105,37,2809,3.307197767e-05
4,1105,38,3002,0.0001656277163
4,1105,39,3003,3.307197767e-05
4,1105,40,3004,3.307197767e-05
4,1105,41,3005,0.0001140960885
5,1106,0,1100,0.9993029833
5,1106,1,1102,5.959264371e-08
5,1106,2,1103,5.139108339e-08
5,1106,3,1104,5.139108339e-08
5,1106,4,1105,5.139108339e-08
5,1106,6,1107,5.139108339e-08
5,1106,7,1108,5.139108339e-08
5,1106,8,1109,5.139108339e-08
5,1106,9,1110,5.139108339e-08
5,1106,10,1111,2.591649491e-07
5,1106,11,1302,1.859550451e-07
5,1106,12,1303,6.592203761e-08
5,1106,13,1304,5.139108339e-08
5,1106,14,1305,5.139108339e-08
5,1106,15,1306,5.139108339e-08
5,1106,16,1307,5.139108339e-08
5,1106,17,1308,5.453248164e-08
5,1106,18,1309,5.139108339e-08
5,1106,19,1310,5.139108339e-08
5,1106,20,1311,5.139108339e-08
5,1106,21,1312,5.139108339e-08
5,1106,22,1313,5.139108339e-08
5,1106,23,1314,5.139108339e-08
5,1106,24,1315,9.315667171e-08
5,1106,25,2402,5.139108339e-08
5,1106,26,2403,5.139108339e-08
5,1106,27,2404,5.139108339e-08
5,1106,28,2405,5.139108339e-08
5,1106,29,2406,0.0006942320615
5,1106,30,2802,6.392809127e-08
5,1106,31,2803,1.072820055e-07
5,1106,32,2804,1.712616182e-07
5,1106,33,2805,6.468128078e-08
5,1106,34,2806,8.93299088e-08
5,1106,35,2807,1.925344293e-07
5,1106,36,2808,5.139108339e-08
5,1106,37,2809,5.139108339e-08
5,1106,38,3002,5.139108339e-08
5,1106,39,3003,1.999770518e-07
5,1106,40,3004,5.139108339e-08
5,1106,41,3005,5.139108339e-08
6,1107,0,1100,0.9410931468
6,1107,1,1102,0.000774473534
6,1107,2,1103,0.0006348571624
6,1107,3,1104,0.0006964139175
6,1107,4,1105,0.0006348571624
6,1107,5,1106,0.0006348571624
6,1107,7,1108,0.0006348571624
6,1107,8,1109,0.0006797095411
6,1107,9,1110,0.000766130921
6,1107,10,1111,0.003402603092
6,1107,11,1302,0.001175515703
6,1107,12,1303,0.0007399637252
6,1107,13,1304,0.0006348571624
6,1107,14,1305,0.0006348571624
6,1107,15,1306,0.0006348571624
6,1107,16,1307,0.0006348571624
6,1107,17,1308,0.0006786640733
6,1107,18,1309,0.0006348571624
6,1107,19,1310,0.0006348571624
6,1107,20,1311,0.0006348571624
6,1107,21,1312,0.0006348571624
6,1107,22,1313,0.0006348571624
6,1107,23,1314,0.0006348571624
6,1107,24,1315,0.0008595468244
6,1107,25,2402,0.0006348571624
6,1107,26,2403,0.0006348571624
6,1107,27,2404,0.0006348571624
6,1107,28,2405,0.0006348571624
6,1107,29,2406,0.02742144465
6,1107,30,2802,0.0006852591177
6,1107,31,2803,0.001101227594
6,1107,32,2804,0.0009051400702
6,1107,33,2805,0.0007223594002
6,1107,34,2806,0.0007492604782
6,1107,35,2807,0.001056776731
6,1107,36,2808,0.0006348571624
6,1107,37,2809,0.0006348571624
6,1107,38,3002,0.0006348571624
6,1107,39,3003,0.001224018633
6,1107,40,3004,0.0006348571624
6,1107,41,3005,0.0006664677057
7,1108,0,1100,0.0214921739
7,1108,1,1102,0.0217576474
7,1108,2,1103,0.0214921739
7,1108,3,1104,0.02348195016
7,1108,4,1105,0.0214921739
7,1108,5,1106,0.02197042108
7,1108,6,1107,0.02179686539
7,1108,8,1109,0.02167706937
7,1108,9,1110,0.02163149416
7,1108,10,1111,0.0214921739
7,1108,11,1302,0.0214921739
7,1108,12,1303,0.0214921739
7,1108,13,1304,0.0214921739
7,1108,14,1305,0.0214921739
7,1108,15,1306,0.0214921739
7,1108,16,1307,0.0214921739
7,1108,17,1308,0.02363501675
7,1108,18,1309,0.03878799826
7,1108,19,1310,0.0214921739
7,1108,20,1311,0.0219786223
7,1108,21,1312,0.0214921739
7,1108,22,1313,0.0214921739
7,1108,23,1314,0.0214921739
7,1108,24,1315,0.0214921739
7,1108,25,2402,0.02984868549
7,1108,26,2403,0.02201421931
7,1108,27,2404,0.0214921739
7,1108,28,2405,0.0214921739
7,1108,29,2406,0.0214921739
7,1108,30,2802,0.02222202159
7,1108,31,2803,0.0214921739
7,1108,32,2804,0.0214921739
7,1108,33,2805,0.0214921739
7,1108,34,2806,0.02226886339
7,1108,35,2807,0.02241378464
7,1108,36,2808,0.0214921739
7,1108,37,2809,0.02195230126
7,1108,38,3002,0.04937797412
7,1108,39,3003,0.0214921739
7,1108,40,3004,0.0214921739
7,1108,41,3005,0.0214921739
8,1109,0,1100,0.0005675374996
8,1109,1,1102,0.0005675374996
8,1109,2,1103,0.0005675374996
8,1109,3,1104,0.0006906716735
8,1109,4,1105,0.0005675374996
8,1109,5,1106,0.0005675374996
8,1109,6,1107,0.0140268337
8,1109,7,1108,0.6738987565
8,1109,9,1110,0.0005832312745
8,1109,10,1111,0.0005675374996
8,1109,11,1302,0.0005675374996
8,1109,12,1303,0.0005675374996
8,1109,13,1304,0.0005675374996
8,1109,14,1305,0.0005675374996
8,1109,15,1306,0.0005675374996
8,1109,16,1307,0.0005675374996
8,1109,17,1308,0.0006167115644
8,1109,18,1309,0.007149624638
8,1109,19,1310,0.0005675374996
8,1109,20,1311,0.0005814469187
8,1109,21,1312,0.0005675374996
8,1109,22,1313,0.0005675374996
8,1109,23,1314,0.0005675374996
8,1109,24,1315,0.0005675374996
8,1109,25,2402,0.002375817159
8,1109,26,2403,0.0005675374996
8,1109,27,2404,0.0005675374996
8,1109,28,2405,0.0005675374996
8,1109,29,2406,0.0005675374996
8,1109,30,2802,0.0005675374996
8,1109,31,2803,0.0005675374996
8,1109,32,2804,0.0005675374996
8,1109,33,2805,0.0005675374996
8,1109,34,2806,0.0005675374996
8,1109,35,2807,0.0005675374996
8,1109,36,2808,0.0005675374996
8,1109,37,2809,0.0005675374996
8,1109,38,3002,0.2793849409
8,1109,39,3003,0.0005675374996
8,1109,40,3004,0.0005675374996
8,1109,41,3005,0.002495138207
9,1110,0,1100,0.000308383489
9,1110,1,1102,0.000308383489
9,1110,2,1103,0.000362834573
9,1110,3,1104,0.000308383489
9,1110,4,1105,0.000308383489
9,1110,5,1106,0.0004054204619
9,1110,6,1107,0.008289670572
9,1110,7,1108,0.9033528566
9,1110,8,1109,0.000308383489
9,1110,10,1111,0.0005742632202
9,1110,11,1302,0.000308383489
9,1110,12,1303,0.000308383489
9,1110,13,1304,0.000308383489
9,1110,14,1305,0.000308383489
9,1110,15,1306,0.000308383489
9,1110,16,1307,0.000308383489
9,1110,17,1308,0.000308383489
9,1110,18,1309,0.0003390666097
9,1110,19,1310,0.000308383489
9,1110,20,1311,0.0003086385841
9,1110,21,1312,0.000308383489
9,1110,22,1313,0.000308383489
9,1110,23,1314,0.000308383489
9,1110,24,1315,0.000308383489
9,1110,25,2402,0.000308383489
9,1110,26,2403,0.0003227427078
9,1110,27,2404,0.000308383489
9,1110,28,2405,0.000308383489
9,1110,29,2406,0.000308383489
9,1110,30,2802,0.000308383489
9,1110,31,2803,0.000308383489
9,1110,32,2804,0.000308383489
9,1110,33,2805,0.000308383489
9,1110,34,2806,0.000308383489
9,1110,35,2807,0.000308383489
9,1110,36,2808,0.000308383489
9,1110,37,2809,0.000308383489
9,1110,38,3002,0.07547025383
9,1110,39,3003,0.000308383489
9,1110,40,3004,0.000308383489
9,1110,41,3005,0.0007058722549
10,1111,0,1100,0.9908356667
10,1111,1,1102,2.701229823e-05
10,1111,2,1103,2.391263479e-05
10,1111,3,1104,2.724161095e-05
10,1111,4,1105,2.391263479e-05
10,1111,5,1106,2.391263479e-05
10,1111,6,1107,2.391263479e-05
10,1111,7,1108,2.391263479e-05
10,1111,8,1109,2.391263479e-05
10,1111,9,1110,2.4579198e-05
10,1111,11,1302,5.831458111e-05
10,1111,12,1303,2.924631008e-05
10,1111,13,1304,2.391263479e-05
10,1111,14,1305,2.391263479e-05
10,1111,15,1306,2.391263479e-05
10,1111,16,1307,2.391263479e-05
10,1111,17,1308,2.777175359e-05
10,1111,18,1309,2.391263479e-05
10,1111,19,1310,2.391263479e-05
10,1111,20,1311,2.391263479e-05
10,1111,21,1312,2.391263479e-05
10,1111,22,1313,2.391263479e-05
10,1111,23,1314,2.391263479e-05
10,1111,24,1315,3.49503789e-05
10,1111,25,2402,2.391263479e-05
10,1111,26,2403,2.391263479e-05
10,1111,27,2404,2.391263479e-05
10,1111,28,2405,2.391263479e-05
10,1111,29,2406,0.007970195264
10,1111,30,2802,2.616411984e-05
10,1111,31,2803,4.648835602e-05
10,1111,32,2804,4.952564268e-05
10,1111,33,2805,2.929608308e-05
10,1111,34,2806,3.270586967e-05
10,1111,35,2807,6.365243462e-05
10,1111,36,2808,2.391263479e-05
10,1111,37,2809,2.391263479e-05
10,1111,38,3002,2.391263479e-05
10,1111,39,3003,6.480031152e-05
10,1111,40,3004,2.391263479e-05
10,1111,41,3005,2.391263479e-05
11,1302,0,1100,0.7491257191
11,1302,1,1102,0.004648812581
11,1302,2,1103,0.004510850646
11,1302,3,1104,0.004510850646
11,1302,4,1105,0.004518812057
11,1302,5,1106,0.004510850646
11,1302,6,1107,0.004510850646
11,1302,7,1108,0.004510850646
11,1302,8,1109,0.004510850646
11,1302,9,1110,0.00458092941
11,1302,10,1111,0.01703785546
11,1302,12,1303,0.005177620798
11,1302,13,1304,0.004510850646
11,1302,14,1305,0.004510850646
11,1302,15,1306,0.004510850646
11,1302,16,1307,0.004510850646
11,1302,17,1308,0.004510850646
11,1302,18,1309,0.004510850646
11,1302,19,1310,0.004510850646
11,1302,20,1311,0.004510850646
11,1302,21,1312,0.004510850646
11,1302,22,1313,0.004510850646
11,1302,23,1314,0.004574119579
11,1302,24,1315,0.005257564131
11,1302,25,2402,0.004510850646
11,1302,26,2403,0.004510850646
11,1302,27,2404,0.004510850646
11,1302,28,2405,0.004640923347
11,1302,29,2406,0.04365176708
11,1302,30,2802,0.004510850646
11,1302,31,2803,0.008079897612
11,1302,32,2804,0.005515107885
11,1302,33,2805,0.00494927261
11,1302,34,2806,0.004668354522
11,1302,35,2807,0.005787108094
11,1302,36,2808,0.004510850646
11,1302,37,2809,0.004510850646
11,1302,38,3002,0.004510850646
11,1302,39,3003,0.007554394193
11,1302,40,3004,0.004510850646
11,1302,41,3005,0.005995749496
12,1303,0,1100,0.6373797059
12,1303,1,1102,0.003192749806
12,1303,2,1103,0.002762978664
12,1303,3,1104,0.003531102324
12,1303,4,1105,0.002762978664
12,1303,5,1106,0.002772258595
12,1303,6,1107,0.002762978664
12,1303,7,1108,0.002762978664
12,1303,8,1109,0.002762978664
12,1303,9,1110,0.002906291746
12,1303,10,1111,0.002762978664
12,1303,11,1302,0.00596424751
12,1303,13,1304,0.002762978664
12,1303,14,1305,0.002762978664
12,1303,15,1306,0.002762978664
12,1303,16,1307,0.002762978664
12,1303,17,1308,0.003910921048
12,1303,18,1309,0.002762978664
12,1303,19,1310,0.002762978664
12,1303,20,1311,0.002765409183
12,1303,21,1312,0.002762978664
12,1303,22,1313,0.002762978664
12,1303,23,1314,0.002762978664
12,1303,24,1315,0.00359247718
12,1303,25,2402,0.003177199513
12,1303,26,2403,0.002935051685
12,1303,27,2404,0.002762978664
12,1303,28,2405,0.002762978664
12,1303,29,2406,0.2343534678
12,1303,30,2802,0.003556094831
12,1303,31,2803,0.002762978664
12,1303,32,2804,0.005751228891
12,1303,33,2805,0.003177608829
12,1303,34,2806,0.004330789205
12,1303,35,2807,0.00691238232
12,1303,36,2808,0.002762978664
12,1303,37,2809,0.002860240638
12,1303,38,3002,0.002762978664
12,1303,39,3003,0.00322663621
12,1303,40,3004,0.002762978664
12,1303,41,3005,0.002762978664
13,1304,0,1100,0.002325385343
13,1304,1,1102,0.002325385343
13,1304,2,1103,0.002325385343
13,1304,3,1104,0.002325385343
13,1304,4,1105,0.002325385343
13,1304,5,1106,0.002325385343
13,1304,6,1107,0.4882084131
13,1304,7,1108,0.002325385343
13,1304,8,1109,0.002325385343
13,1304,9,1110,0.002325385343
13,1304,10,1111,0.002325385343
13,1304,11,1302,0.002325385343
13,1304,12,1303,0.002325385343
13,1304,14,1305,0.002325385343
13,1304,15,1306,0.002325385343
13,1304,16,1307,0.002325385343
13,1304,17,1308,0.002325385343
13,1304,18,1309,0.01129007339
13,1304,19,1310,0.002325385343
13,1304,20,1311,0.002325385343
13,1304,21,1312,0.002325385343
13,1304,22,1313,0.002325385343
13,1304,23,1314,0.002325385343
13,1304,24,1315,0.002325385343
13,1304,25,2402,0.01797688566
13,1304,26,2403,0.002325385343
13,1304,27,2404,0.002325385343
13,1304,28,2405,0.002325385343
13,1304,29,2406,0.002325385343
13,1304,30,2802,0.002325385343
13,1304,31,2803,0.03837950155
13,1304,32,2804,0.002325385343
13,1304,33,2805,0.002325385343
13,1304,34,2806,0.002325385343
13,1304,35,2807,0.002325385343
13,1304,36,2808,0.002325385343
13,1304,37,2809,0.002325385343
13,1304,38,3002,0.01410046034
13,1304,39,3003,0.01157916337
13,1304,40,3004,0.002325385343
13,1304,41,3005,0.3370770216
14,1305,0,1100,0.930588007
14,1305,1,1102,0.001019936986
14,1305,2,1103,0.001049411483
14,1305,3,1104,0.001019936986
14,1305,4,1105,0.001019936986
14,1305,5,1106,0.001019936986
14,1305,6,1107,0.003010557964
14,1305,7,1108,0.001019936986
14,1305,8,1109,0.001019936986
14,1305,9,1110,0.001019936986
14,1305,10,1111,0.00475597987
14,1305,11,1302,0.001019936986
14,1305,12,1303,0.001023681369
14,1305,13,1304,0.001019936986
14,1305,15,1306,0.001019936986
14,1305,16,1307,0.001019936986
14,1305,17,1308,0.001019936986
14,1305,18,1309,0.001019936986
14,1305,19,1310,0.001019936986
14,1305,20,1311,0.001019936986
14,1305,21,1312,0.001019936986
14,1305,22,1313,0.001020440948
14,1305,23,1314,0.001019936986
14,1305,24,1315,0.001115186838
14,1305,25,2402,0.001019936986
14,1305,26,2403,0.001019936986
14,1305,27,2404,0.001019936986
14,1305,28,2405,0.001019936986
14,1305,29,2406,0.007155419793
14,1305,30,2802,0.001019936986
14,1305,31,2803,0.007085666526
14,1305,32,2804,0.001205420471
14,1305,33,2805,0.001019936986
14,1305,34,2806,0.001019936986
14,1305,35,2807,0.001058082911
14,1305,36,2808,0.001019936986
14,1305,37,2809,0.001019936986
14,1305,38,3002,0.001019936986
14,1305,39,3003,0.003767282236
14,1305,40,3004,0.001068752259
14,1305,41,3005,0.007537748665
15,1306,0,1100,0.006812043022
15,1306,1,1102,0.006884455215
15,1306,2,1103,0.006812043022
15,1306,3,1104,0.009986499324
15,1306,4,1105,0.006812043022
15,1306,5,1106,0.006812043022
15,1306,6,1107,0.03484982252
15,1306,7,1108,0.2616546452
15,1306,8,1109,0.006812043022
15,1306,9,1110,0.006812043022
15,1306,10,1111,0.006812043022
15,1306,11,1302,0.006812043022
15,1306,12,1303,0.006812043022
15,1306,13,1304,0.006812043022
15,1306,14,1305,0.006812043022
15,1306,16,1307,0.006812043022
15,1306,17,1308,0.009363264777
15,1306,18,1309,0.09542649984
15,1306,19,1310,0.006812043022
15,1306,20,1311,0.006812043022
15,1306,21,1312,0.006812043022
15,1306,22,1313,0.006812043022
15,1306,23,1314,0.006812043022
15,1306,24,1315,0.006812043022
15,1306,25,2402,0.03942712396
15,1306,26,2403,0.006812043022
15,1306,27,2404,0.006812043022
15,1306,28,2405,0.006812043022
15,1306,29,2406,0.006812043022
15,1306,30,2802,0.006812043022
15,1306,31,2803,0.006812043022
15,1306,32,2804,0.006812043022
15,1306,33,2805,0.006812043022
15,1306,34,2806,0.006812043022
15,1306,35,2807,0.007170633879
15,1306,36,2808,0.006812043022
15,1306,37,2809,0.006812043022
15,1306,38,3002,0.3011775613
15,1306,39,3003,0.006812043022
15,1306,40,3004,0.006812043022
15,1306,41,3005,0.0160741359
16,1307,0,1100,0.8986199498
16,1307,1,1102,0.0005836291239
16,1307,2,1103,0.0005177577841
16,1307,3,1104,0.0005868299049
16,1307,4,1105,0.0005177577841
16,1307,5,1106,0.0005177577841
16,1307,6,1107,0.0005177577841
16,1307,7,1108,0.0005177577841
16,1307,8,1109,0.0005177577841
16,1307,9,1110,0.0005344219971
16,1307,10,1111,0.0005177577841
16,1307,11,1302,0.001115784631
16,1307,12,1303,0.0005880122189
16,1307,13,1304,0.0005177577841
16,1307,14,1305,0.0005177577841
16,1307,15,1306,0.0005177577841
16,1307,17,1308,0.0006410669885
16,1307,18,1309,0.0005177577841
16,1307,19,1310,0.0005177577841
16,1307,20,1311,0.0005177577841
16,1307,21,1312,0.0005177577841
16,1307,22,1313,0.0005177577841
16,1307,23,1314,0.0005177577841
16,1307,24,1315,0.0006973408163
16,1307,25,2402,0.0005177577841
16,1307,26,2403,0.0005292794085
16,1307,27,2404,0.0005177577841
16,1307,28,2405,0.0005177577841
16,1307,29,2406,0.07757817954
16,1307,30,2802,0.0006291222526
16,1307,31,2803,0.0005177577841
16,1307,32,2804,0.001071483712
16,1307,33,2805,0.0006102612824
16,1307,34,2806,0.0007654862129
16,1307,35,2807,0.001226911438
16,1307,36,2808,0.0005177577841
16,1307,37,2809,0.0005186587805
16,1307,38,3002,0.0005177577841
16,1307,39,3003,0.0007598761586
16,1307,40,3004,0.0005177577841
16,1307,41,3005,0.0005177577841
17,1308,0,1100,0.002601810731
17,1308,1,1102,0.002601810731
17,1308,2,1103,0.002601810731
17,1308,3,1104,0.004490840249
17,1308,4,1105,0.002601810731
17,1308,5,1106,0.002601810731
17,1308,6,1107,0.09039724618
17,1308,7,1108,0.1823210269
17,1308,8,1109,0.002601810731
17,1308,9,1110,0.002601810731
17,1308,10,1111,0.002601810731
17,1308,11,1302,0.002601810731
17,1308,12,1303,0.002601810731
17,1308,13,1304,0.002601810731
17,1308,14,1305,0.002601810731
17,1308,15,1306,0.002601810731
17,1308,16,1307,0.002601810731
17,1308,18,1309,0.08682242781
17,1308,19,1310,0.002601810731
17,1308,20,1311,0.002601810731
17,1308,21,1312,0.002601810731
17,1308,22,1313,0.002601810731
17,1308,23,1314,0.002601810731
17,1308,24,1315,0.002601810731
17,1308,25,2402,0.03206962347
17,1308,26,2403,0.002601810731
17,1308,27,2404,0.002601810731
17,1308,28,2405,0.002601810731
17,1308,29,2406,0.002601810731
17,1308,30,2802,0.002601810731
17,1308,31,2803,0.006210064981
17,1308,32,2804,0.002601810731
17,1308,33,2805,0.002601810731
17,1308,34,2806,0.002601810731
17,1308,35,2807,0.002601810731
17,1308,36,2808,0.002601810731
17,1308,37,2809,0.002601810731
17,1308,38,3002,0.463562727
17,1308,39,3003,0.003401207738
17,1308,40,3004,0.002601810731
17,1308,41,3005,0.04401925579
18,1309,0,1100,0.004055109806
18,1309,1,1102,0.004246031865
18,1309,2,1103,0.004378031939
18,1309,3,1104,0.004055109806
18,1309,4,1105,0.004055109806
18,1309,5,1106,0.00477951346
18,1309,6,1107,0.007957025431
18,1309,7,1108,0.6774856448
18,1309,8,1109,0.004498314112
18,1309,9,1110,0.004476337228
18,1309,10,1111,0.004055109806
18,1309,11,1302,0.004055109806
18,1309,12,1303,0.004055109806
18,1309,13,1304,0.004055109806
18,1309,14,1305,0.004055109806
18,1309,15,1306,0.004055109806
18,1309,16,1307,0.004055109806
18,1309,17,1308,0.004191348329
18,1309,19,1310,0.004055109806
18,1309,20,1311,0.004389336333
18,1309,21,1312,0.004055109806
18,1309,22,1313,0.004055109806
18,1309,23,1314,0.004055109806
18,1309,24,1315,0.004055109806
18,1309,25,2402,0.004897349514
18,1309,26,2403,0.004425232764
18,1309,27,2404,0.004055109806
18,1309,28,2405,0.004055109806
18,1309,29,2406,0.004055109806
18,1309,30,2802,0.004447336309
18,1309,31,2803,0.004055109806
18,1309,32,2804,0.004055109806
18,1309,33,2805,0.004055109806
18,1309,34,2806,0.004055109806
18,1309,35,2807,0.004055109806
18,1309,36,2808,0.004055109806
18,1309,37,2809,0.004320459906
18,1309,38,3002,0.1454381943
18,1309,39,3003,0.004055109806
18,1309,40,3004,0.004055109806
18,1309,41,3005,0.004055109806
19,1310,0,1100,0.0009205418173
19,1310,1,1102,0.001211778261
19,1310,2,1103,0.0009205418173
19,1310,3,1104,0.0009205418173
19,1310,4,1105,0.0009205418173
19,1310,5,1106,0.0009205418173
19,1310,6,1107,0.3410301805
19,1310,7,1108,0.1300061345
19,1310,8,1109,0.001286869287
19,1310,9,1110,0.00159301504
19,1310,10,1111,0.4209905863
19,1310,11,1302,0.0009205418173
19,1310,12,1303,0.0009205418173
19,1310,13,1304,0.0009205418173
19,1310,14,1305,0.0009205418173
19,1310,15,1306,0.0009205418173
19,1310,16,1307,0.0009205418173
19,1310,17,1308,0.0009205418173
19,1310,18,1309,0.0009205418173
19,1310,20,1311,0.0009205418173
19,1310,21,1312,0.0009205418173
19,1310,22,1313,0.0009205418173
19,1310,23,1314,0.0009205418173
19,1310,24,1315,0.0009205418173
19,1310,25,2402,0.0009205418173
19,1310,26,2403,0.0009205418173
19,1310,27,2404,0.0009205418173
19,1310,28,2405,0.0009603798972
19,1310,29,2406,0.0009205418173
19,1310,30,2802,0.0009205418173
19,1310,31,2803,0.004512162879
19,1310,32,2804,0.0009205418173
19,1310,33,2805,0.0009205418173
19,1310,34,2806,0.0009205418173
19,1310,35,2807,0.0009205418173
19,1310,36,2808,0.0009205418173
19,1310,37,2809,0.0009205418173
19,1310,38,3002,0.03437527642
19,1310,39,3003,0.0009205418173
19,1310,40,3004,0.0009205418173
19,1310,41,3005,0.03457624465
20,1311,0,1100,0.9975911379
20,1311,1,1102,1.186026225e-06
20,1311,2,1103,1.098626512e-06
20,1311,3,1104,1.273172984e-06
20,1311,4,1105,1.098626512e-06
20,1311,5,1106,1.098626512e-06
20,1311,6,1107,1.098626512e-06
20,1311,7,1108,1.098626512e-06
20,1311,8,1109,1.098626512e-06
20,1311,9,1110,1.098626512e-06
20,1311,10,1111,1.977210786e-06
20,1311,11,1302,3.359627271e-06
20,1311,12,1303,1.469911581e-06
20,1311,13,1304,1.098626512e-06
20,1311,14,1305,1.098626512e-06
20,1311,15,1306,1.098626512e-06
20,1311,16,1307,1.098626512e-06
20,1311,17,1308,1.323139372e-06
20,1311,18,1309,1.098626512e-06
20,1311,19,1310,1.098626512e-06
20,1311,21,1312,1.098626512e-06
20,1311,22,1313,1.098626512e-06
20,1311,23,1314,1.107655976e-06
20,1311,24,1315,1.725875109e-06
20,1311,25,2402,1.098626512e-06
20,1311,26,2403,1.098626512e-06
20,1311,27,2404,1.098626512e-06
20,1311,28,2405,1.098626512e-06
20,1311,29,2406,0.002350792522
20,1311,30,2802,1.220099648e-06
20,1311,31,2803,2.115183406e-06
20,1311,32,2804,3.063406893e-06
20,1311,33,2805,1.474594114e-06
20,1311,34,2806,1.6782692e-06
20,1311,35,2807,4.114907824e-06
20,1311,36,2808,1.098626512e-06
20,1311,37,2809,1.098626512e-06
20,1311,38,3002,1.098626512e-06
20,1311,39,3003,3.611572538e-06
20,1311,40,3004,1.098626512e-06
20,1311,41,3005,1.098626512e-06
21,1312,0,1100,0.0003634149616
21,1312,1,1102,0.0003634149616
21,1312,2,1103,0.0003634149616
21,1312,3,1104,0.0003634149616
21,1312,4,1105,0.0003634149616
21,1312,5,1106,0.0003634149616
21,1312,6,1107,0.6963355541
21,1312,7,1108,0.0003634149616
21,1312,8,1109,0.0003634149616
21,1312,9,1110,0.0003634149616
21,1312,10,1111,0.00437531434
21,1312,11,1302,0.0003634149616
21,1312,12,1303,0.0003634149616
21,1312,13,1304,0.0003634149616
21,1312,14,1305,0.0003634149616
21,1312,15,1306,0.0003634149616
21,1312,16,1307,0.0003634149616
21,1312,17,1308,0.0003634149616
21,1312,18,1309,0.0004484106321
21,1312,19,1310,0.0003634149616
21,1312,20,1311,0.0003634149616
21,1312,22,1313,0.0003634149616
21,1312,23,1314,0.0003634149616
21,1312,24,1315,0.0003634149616
21,1312,25,2402,0.001444257912
21,1312,26,2403,0.0003634149616
21,1312,27,2404,0.0003634149616
21,1312,28,2405,0.0003634149616
21,1312,29,2406,0.0003634149616
21,1312,30,2802,0.0003634149616
21,1312,31,2803,0.01627505012
21,1312,32,2804,0.0003634149616
21,1312,33,2805,0.0003634149616
21,1312,34,2806,0.0003634149616
21,1312,35,2807,0.0003634149616
21,1312,36,2808,0.0003634149616
21,1312,37,2809,0.0003634149616
21,1312,38,3002,0.002119017765
21,1312,39,3003,0.002386968583
21,1312,40,3004,0.0003634149616
21,1312,41,3005,0.2642593384
22,1313,0,1100,0.9272133708
22,1313,1,1102,0.001072085463
22,1313,2,1103,0.001048119273
22,1313,3,1104,0.001048119273
22,1313,4,1105,0.001048119273
22,1313,5,1106,0.001048119273
22,1313,6,1107,0.001048119273
22,1313,7,1108,0.001048119273
22,1313,8,1109,0.001048119273
22,1313,9,1110,0.001048119273
22,1313,10,1111,0.003223899752
22,1313,11,1302,0.001586830243
22,1313,12,1303,0.001148394309
22,1313,13,1304,0.001048119273
22,1313,14,1305,0.001048119273
22,1313,15,1306,0.001048119273
22,1313,16,1307,0.001048119273
22,1313,17,1308,0.001048119273
22,1313,18,1309,0.001048119273
22,1313,19,1310,0.001048119273
22,1313,20,1311,0.001048119273
22,1313,21,1312,0.001048119273
22,1313,23,1314,0.001048119273
22,1313,24,1315,0.001299235271
22,1313,25,2402,0.001048119273
22,1313,26,2403,0.001048119273
22,1313,27,2404,0.001048119273
22,1313,28,2405,0.001048119273
22,1313,29,2406,0.02237846516
22,1313,30,2802,0.001048119273
22,1313,31,2803,0.002782478463
22,1313,32,2804,0.00144592952
22,1313,33,2805,0.001116891974
22,1313,34,2806,0.001145873684
22,1313,35,2807,0.001606510952
22,1313,36,2808,0.001048119273
22,1313,37,2809,0.001048119273
22,1313,38,3002,0.001048119273
22,1313,39,3003,0.002520397073
22,1313,40,3004,0.001048119273
22,1313,41,3005,0.002112632385
23,1314,0,1100,0.891418457
23,1314,1,1102,0.0016696651
23,1314,2,1103,0.001766671427
23,1314,3,1104,0.0016696651
23,1314,4,1105,0.001749064773
23,1314,5,1106,0.0016696651
23,1314,6,1107,0.0016696651
23,1314,7,1108,0.0016696651
23,1314,8,1109,0.0016696651
23,1314,9,1110,0.0016696651
23,1314,10,1111,0.0016696651
23,1314,11,1302,0.002275785897
23,1314,12,1303,0.001817286713
23,1314,13,1304,0.001693594735
23,1314,14,1305,0.001762027503
23,1314,15,1306,0.001678844448
23,1314,16,1307,0.0016913414
23,1314,17,1308,0.0016696651
23,1314,18,1309,0.0016696651
23,1314,19,1310,0.001702369773
23,1314,20,1311,0.0016696651
23,1314,21,1312,0.001670739381
23,1314,22,1313,0.001819064026
23,1314,24,1315,0.001899271971
23,1314,25,2402,0.0016696651
23,1314,26,2403,0.0016696651
23,1314,27,2404,0.001720790868
23,1314,28,2405,0.0016696651
23,1314,29,2406,0.03248178586
23,1314,30,2802,0.0016696651
23,1314,31,2803,0.003795576282
23,1314,32,2804,0.002588371979
23,1314,33,2805,0.001792121329
23,1314,34,2806,0.001857556519
23,1314,35,2807,0.002766316989
23,1314,36,2808,0.001737590763
23,1314,37,2809,0.0016696651
23,1314,38,3002,0.0016696651
23,1314,39,3003,0.003799335333
23,1314,40,3004,0.002001684392
23,1314,41,3005,0.002460409654
24,1315,0,1100,0.007401682436
24,1315,1,1102,0.01078567747
24,1315,2,1103,0.007401682436
24,1315,3,1104,0.007401682436
24,1315,4,1105,0.007401682436
24,1315,5,1106,0.007401682436
24,1315,6,1107,0.2620182037
24,1315,7,1108,0.008144916967
24,1315,8,1109,0.008786243387
24,1315,9,1110,0.01184937917
24,1315,10,1111,0.314889878
24,1315,11,1302,0.007401682436
24,1315,12,1303,0.007401682436
24,1315,13,1304,0.007401682436
24,1315,14,1305,0.007401682436
24,1315,15,1306,0.007401682436
24,1315,16,1307,0.007401682436
24,1315,17,1308,0.007401682436
24,1315,18,1309,0.007401682436
24,1315,19,1310,0.007401682436
24,1315,20,1311,0.007401682436
24,1315,21,1312,0.007401682436
24,1315,22,1313,0.007401682436
24,1315,23,1314,0.007401682436
24,1315,25,2402,0.008072539233
24,1315,26,2403,0.007401682436
24,1315,27,2404,0.007401682436
24,1315,28,2405,0.007401682436
24,1315,29,2406,0.007401682436
24,1315,30,2802,0.007664778735
24,1315,31,2803,0.02978755347
24,1315,32,2804,0.007401682436
24,1315,33,2805,0.007401682436
24,1315,34,2806,0.007401682436
24,1315,35,2807,0.007401682436
24,1315,36,2808,0.007401682436
24,1315,37,2809,0.007401682436
24,1315,38,3002,0.00953572616
24,1315,39,3003,0.01255171932
24,1315,40,3004,0.007401682436
24,1315,41,3005,0.0925212726
25,2402,0,1100,0.7151148915
25,2402,1,1102,0.002066772431
25,2402,2,1103,0.001637770562
25,2402,3,1104,0.002630129457
25,2402,4,1105,0.001637770562
25,2402,5,1106,0.001637770562
25,2402,6,1107,0.001637770562
25,2402,7,1108,0.001637770562
25,2402,8,1109,0.001816522679
25,2402,9,1110,0.001954656327
25,2402,10,1111,0.001637770562
25,2402,11,1302,0.004157096148
25,2402,12,1303,0.001887166873
25,2402,13,1304,0.001637770562
25,2402,14,1305,0.001637770562
25,2402,15,1306,0.001637770562
25,2402,16,1307,0.001637770562
25,2402,17,1308,0.002630065661
25,2402,18,1309,0.002141809789
25,2402,19,1310,0.001637770562
25,2402,20,1311,0.001637770562
25,2402,21,1312,0.001637770562
25,2402,22,1313,0.001637770562
25,2402,23,1314,0.001637770562
25,2402,24,1315,0.002228214638
25,2402,26,2403,0.00168976537
25,2402,27,2404,0.001637770562
25,2402,28,2405,0.001637770562
25,2402,29,2406,0.2044525743
25,2402,30,2802,0.002120953053
25,2402,31,2803,0.001637770562
25,2402,32,2804,0.003484911984
25,2402,33,2805,0.002067121211
25,2402,34,2806,0.002599830972
25,2402,35,2807,0.004851457197
25,2402,36,2808,0.001637770562
25,2402,37,2809,0.001662879717
25,2402,38,3002,0.001637770562
25,2402,39,3003,0.001906202757
25,2402,40,3004,0.001637770562
25,2402,41,3005,0.001637770562
26,2403,0,1100,0.001295876456
26,2403,1,1102,0.001295876456
26,2403,2,1103,0.001295876456
26,2403,3,1104,0.001407144242
26,2403,4,1105,0.001295876456
26,2403,5,1106,0.001295876456
26,2403,6,1107,0.5228086114
26,2403,7,1108,0.00370100094
26,2403,8,1109,0.001295876456
26,2403,9,1110,0.001295876456
26,2403,10,1111,0.001927832724
26,2403,11,1302,0.001295876456
26,2403,12,1303,0.001295876456
26,2403,13,1304,0.001295876456
26,2403,14,1305,0.001295876456
26,2403,15,1306,0.001295876456
26,2403,16,1307,0.001295876456
26,2403,17,1308,0.001295876456
26,2403,18,1309,0.00713303918
26,2403,19,1310,0.001295876456
26,2403,20,1311,0.001295876456
26,2403,21,1312,0.001295876456
26,2403,22,1313,0.001295876456
26,2403,23,1314,0.001295876456
26,2403,24,1315,0.001295876456
26,2403,25,2402,0.008936688304
26,2403,27,2404,0.001295876456
26,2403,28,2405,0.001295876456
26,2403,29,2406,0.001295876456
26,2403,30,2802,0.001295876456
26,2403,31,2803,0.0250063464
26,2403,32,2804,0.001295876456
26,2403,33,2805,0.001295876456
26,2403,34,2806,0.001295876456
26,2403,35,2807,0.001295876456
26,2403,36,2808,0.001295876456
26,2403,37,2809,0.001295876456
26,2403,38,3002,0.02765667625
26,2403,39,3003,0.005221212283
26,2403,40,3004,0.001295876456
26,2403,41,3005,0.3547334075
27,2404,0,1100,0.9921326041
27,2404,1,1102,6.544878033e-06
27,2404,2,1103,5.447114745e-06
27,2404,3,1104,6.36851064e-06
27,2404,4,1105,5.447114745e-06
27,2404,5,1106,5.447114745e-06
27,2404,6,1107,5.447114745e-06
27,2404,7,1108,5.447114745e-06
27,2404,8,1109,5.447114745e-06
27,2404,9,1110,5.928257906e-06
27,2404,10,1111,1.200756833e-05
27,2404,11,1302,1.624746255e-05
27,2404,12,1303,7.005936823e-06
27,2404,13,1304,5.447114745e-06
27,2404,14,1305,5.447114745e-06
27,2404,15,1306,5.447114745e-06
27,2404,16,1307,5.447114745e-06
27,2404,17,1308,6.750799457e-06
27,2404,18,1309,5.447114745e-06
27,2404,19,1310,5.447114745e-06
27,2404,20,1311,5.447114745e-06
27,2404,21,1312,5.447114745e-06
27,2404,22,1313,5.447114745e-06
27,2404,23,1314,5.447114745e-06
27,2404,24,1315,8.595272448e-06
27,2404,25,2402,5.447114745e-06
27,2404,26,2403,5.447114745e-06
27,2404,28,2405,5.447114745e-06
27,2404,29,2406,0.007589270361
27,2404,30,2802,6.630696589e-06
27,2404,31,2803,6.44974125e-06
27,2404,32,2804,1.397158212e-05
27,2404,33,2805,7.076970178e-06
27,2404,34,2806,8.597296983e-06
27,2404,35,2807,1.745826557e-05
27,2404,36,2808,5.447114745e-06
27,2404,37,2809,5.447114745e-06
27,2404,38,3002,5.447114745e-06
27,2404,39,3003,1.244870418e-05
27,2404,40,3004,5.447114745e-06
27,2404,41,3005,5.447114745e-06
28,2405,0,1100,0.999245286
28,2405,1,1102,2.373310934e-07
28,2405,2,1103,2.098306027e-07
28,2405,3,1104,2.432838642e-07
28,2405,4,1105,2.098306027e-07
28,2405,5,1106,2.098306027e-07
28,2405,6,1107,2.098306027e-07
28,2405,7,1108,2.098306027e-07
28,2405,8,1109,2.098306027e-07
28,2405,9,1110,2.098306027e-07
28,2405,10,1111,6.488132271e-07
28,2405,11,1302,7.182488275e-07
28,2405,12,1303,2.777596819e-07
28,2405,13,1304,2.098306027e-07
28,2405,14,1305,2.098306027e-07
28,2405,15,1306,2.098306027e-07
28,2405,16,1307,2.098306027e-07
28,2405,17,1308,2.506742192e-07
28,2405,18,1309,2.098306027e-07
28,2405,19,1310,2.098306027e-07
28,2405,20,1311,2.098306027e-07
28,2405,21,1312,2.098306027e-07
28,2405,22,1313,2.098306027e-07
28,2405,23,1314,2.098306027e-07
28,2405,24,1315,3.545915206e-07
28,2405,25,2402,2.098306027e-07
28,2405,26,2403,2.098306027e-07
28,2405,27,2404,2.098306027e-07
28,2405,29,2406,0.0007425288786
28,2405,30,2802,2.286055008e-07
28,2405,31,2803,6.805582871e-07
28,2405,32,2804,5.877514582e-07
28,2405,33,2805,2.771883487e-07
28,2405,34,2806,3.17812237e-07
28,2405,35,2807,8.45126408e-07
28,2405,36,2808,2.098306027e-07
28,2405,37,2809,2.098306027e-07
28,2405,38,3002,2.098306027e-07
28,2405,39,3003,9.955355154e-07
28,2405,40,3004,2.098306027e-07
28,2405,41,3005,2.098306027e-07
29,2406,0,1100,0.0012755848
29,2406,1,1102,0.002084154868
29,2406,2,1103,0.0012755848
29,2406,3,1104,0.0012755848
29,2406,4,1105,0.0012755848
29,2406,5,1106,0.0012755848
29,2406,6,1107,0.006546165328
29,2406,7,1108,0.0110166762
29,2406,8,1109,0.002246260876
29,2406,9,1110,0.002829966834
29,2406,10,1111,0.9280139804
29,2406,11,1302,0.0012755848
29,2406,12,1303,0.001363876159
29,2406,13,1304,0.0012755848
29,2406,14,1305,0.0012755848
29,2406,15,1306,0.0012755848
29,2406,16,1307,0.0012755848
29,2406,17,1308,0.0012755848
29,2406,18,1309,0.0012755848
29,2406,19,1310,0.0012755848
29,2406,20,1311,0.0012755848
29,2406,21,1312,0.0012755848
29,2406,22,1313,0.0012755848
29,2406,23,1314,0.001295078779
29,2406,24,1315,0.001422113506
29,2406,25,2402,0.0012755848
29,2406,26,2403,0.0012755848
29,2406,27,2404,0.0012755848
29,2406,28,2405,0.001549968612
29,2406,30,2802,0.001399000641
29,2406,31,2803,0.0012755848
29,2406,32,2804,0.0012755848
29,2406,33,2805,0.0012755848
29,2406,34,2806,0.0012755848
29,2406,35,2807,0.0012755848
29,2406,36,2808,0.0012755848
29,2406,37,2809,0.0012755848
29,2406,38,3002,0.001651602564
29,2406,39,3003,0.0012755848
29,2406,40,3004,0.0012755848
29,2406,41,3005,0.001589536085
30,2802,0,1100,0.01116605289
30,2802,1,1102,0.01037288923
30,2802,2,1103,0.00946336519
30,2802,3,1104,0.00946336519
30,2802,4,1105,0.00946336519
30,2802,5,1106,0.00946336519
30,2802,6,1107,0.1882819384
30,2802,7,1108,0.00946336519
30,2802,8,1109,0.009554488584
30,2802,9,1110,0.01101718564
30,2802,10,1111,0.3104304969
30,2802,11,1302,0.00946336519
30,2802,12,1303,0.00946336519
30,2802,13,1304,0.00946336519
30,2802,14,1305,0.00946336519
30,2802,15,1306,0.00946336519
30,2802,16,1307,0.00946336519
30,2802,17,1308,0.00946336519
30,2802,18,1309,0.00946336519
30,2802,19,1310,0.00946336519
30,2802,20,1311,0.00946336519
30,2802,21,1312,0.00946336519
30,2802,22,1313,0.00946336519
30,2802,23,1314,0.00946336519
30,2802,24,1315,0.009824725799
30,2802,25,2402,0.00946336519
30,2802,26,2403,0.00946336519
30,2802,27,2404,0.00946336519
30,2802,28,2405,0.00946336519
30,2802,29,2406,0.00946336519
30,2802,31,2803,0.03928409144
30,2802,32,2804,0.00946336519
30,2802,33,2805,0.00946336519
30,2802,34,2806,0.00946336519
30,2802,35,2807,0.00946336519
30,2802,36,2808,0.00946336519
30,2802,37,2809,0.00946336519
30,2802,38,3002,0.00946336519
30,2802,39,3003,0.01571100019
30,2802,40,3004,0.00946336519
30,2802,41,3005,0.09152939171
31,2803,0,1100,0.0004907157854
31,2803,1,1102,0.0004913212615
31,2803,2,1103,0.0004907157854
31,2803,3,1104,0.0006014520186
31,2803,4,1105,0.0004907157854
31,2803,5,1106,0.0004907157854
31,2803,6,1107,0.008301815018
31,2803,7,1108,0.7469016314
31,2803,8,1109,0.0005792953889
31,2803,9,1110,0.0005574956886
31,2803,10,1111,0.0004907157854
31,2803,11,1302,0.0004907157854
31,2803,12,1303,0.0004907157854
31,2803,13,1304,0.0005034868373
31,2803,14,1305,0.0004907157854
31,2803,15,1306,0.0004918441991
31,2803,16,1307,0.0004923717352
31,2803,17,1308,0.0005135295796
31,2803,18,1309,0.004352618009
31,2803,19,1310,0.000492274994
31,2803,20,1311,0.0005196609418
31,2803,21,1312,0.0004973325413
31,2803,22,1313,0.0004907157854
31,2803,23,1314,0.0004930563155
31,2803,24,1315,0.0004907157854
31,2803,25,2402,0.001445290749
31,2803,26,2403,0.0004907157854
31,2803,27,2404,0.0004907157854
31,2803,28,2405,0.0005057812086
31,2803,29,2406,0.0004907157854
31,2803,30,2802,0.0004907157854
31,2803,32,2804,0.0004907157854
31,2803,33,2805,0.0004907157854
31,2803,34,2806,0.0004907157854
31,2803,35,2807,0.0004907157854
31,2803,36,2808,0.0004907157854
31,2803,37,2809,0.0004963510437
31,2803,38,3002,0.2195443809
31,2803,39,3003,0.0004907157854
31,2803,40,3004,0.0004907157854
31,2803,41,3005,0.00142334972
32,2804,0,1100,0.003392577171
32,2804,1,1102,0.003392577171
32,2804,2,1103,0.003392577171
32,2804,3,1104,0.009490724653
32,2804,4,1105,0.003392577171
32,2804,5,1106,0.003392577171
32,2804,6,1107,0.09995660186
32,2804,7,1108,0.009477542713
32,2804,8,1109,0.003392577171
32,2804,9,1110,0.003392577171
32,2804,10,1111,0.003392577171
32,2804,11,1302,0.00379492878
32,2804,12,1303,0.003392577171
32,2804,13,1304,0.003392577171
32,2804,14,1305,0.003392577171
32,2804,15,1306,0.003392577171
32,2804,16,1307,0.003392577171
32,2804,17,1308,0.00631586602
32,2804,18,1309,0.3282366395
32,2804,19,1310,0.003392577171
32,2804,20,1311,0.003392577171
32,2804,21,1312,0.003392577171
32,2804,22,1313,0.003392577171
32,2804,23,1314,0.003392577171
32,2804,24,1315,0.003392577171
32,2804,25,2402,0.1418745816
32,2804,26,2403,0.003392577171
32,2804,27,2404,0.003392577171
32,2804,28,2405,0.003392577171
32,2804,29,2406,0.003392577171
32,2804,30,2802,0.003392577171
32,2804,31,2803,0.01393360272
32,2804,33,2805,0.003611847758
32,2804,34,2806,0.003392577171
32,2804,35,2807,0.006324986927
32,2804,36,2808,0.003392577171
32,2804,37,2809,0.003392577171
32,2804,38,3002,0.14344576
32,2804,39,3003,0.00824065879
32,2804,40,3004,0.003392577171
32,2804,41,3005,0.126911521
33,2805,0,1100,0.807484448
33,2805,1,1102,0.002655623946
33,2805,2,1103,0.002655623946
33,2805,3,1104,0.00283193076
33,2805,4,1105,0.002655623946
33,2805,5,1106,0.002655623946
33,2805,6,1107,0.002655623946
33,2805,7,1108,0.002655623946
33,2805,8,1109,0.002655623946
33,2805,9,1110,0.002655623946
33,2805,10,1111,0.002655623946
33,2805,11,1302,0.00437411014
33,2805,12,1303,0.002720065415
33,2805,13,1304,0.002655623946
33,2805,14,1305,0.002655623946
33,2805,15,1306,0.002655623946
33,2805,16,1307,0.002655623946
33,2805,17,1308,0.003072125372
33,2805,18,1309,0.002655623946
33,2805,19,1310,0.002655623946
33,2805,20,1311,0.002655623946
33,2805,21,1312,0.002655623946
33,2805,22,1313,0.002655623946
33,2805,23,1314,0.002655623946
33,2805,24,1315,0.003140042769
33,2805,25,2402,0.003530104877
33,2805,26,2403,0.002655623946
33,2805,27,2404,0.002655623946
33,2805,28,2405,0.002655623946
33,2805,29,2406,0.07184557617
33,2805,30,2802,0.002735711168
33,2805,31,2803,0.004352845717
33,2805,32,2804,0.004657214973
33,2805,34,2806,0.003363312222
33,2805,35,2807,0.005667957012
33,2805,36,2808,0.002655623946
33,2805,37,2809,0.002655623946
33,2805,38,3002,0.002655623946
33,2805,39,3003,0.005623894744
33,2805,40,3004,0.002655623946
33,2805,41,3005,0.00269707758
34,2806,0,1100,0.0005941008567
34,2806,1,1102,0.0007345428457
34,2806,2,1103,0.0005941008567
34,2806,3,1104,0.0005941008567
34,2806,4,1105,0.0005941008567
34,2806,5,1106,0.0005941008567
34,2806,6,1107,0.4041309655
34,2806,7,1108,0.001071104896
34,2806,8,1109,0.0006818357506
34,2806,9,1110,0.0008818213828
34,2806,10,1111,0.450769335
34,2806,11,1302,0.0005941008567
34,2806,12,1303,0.0005941008567
34,2806,13,1304,0.0005941008567
34,2806,14,1305,0.0005941008567
34,2806,15,1306,0.0005941008567
34,2806,16,1307,0.0005941008567
34,2806,17,1308,0.0005941008567
34,2806,18,1309,0.0005941008567
34,2806,19,1310,0.0005941008567
34,2806,20,1311,0.0005941008567
34,2806,21,1312,0.0005941008567
34,2806,22,1313,0.0005941008567
34,2806,23,1314,0.0005941008567
34,2806,24,1315,0.0006037947605
34,2806,25,2402,0.0005941008567
34,2806,26,2403,0.0005941008567
34,2806,27,2404,0.0005941008567
34,2806,28,2405,0.0005941008567
34,2806,29,2406,0.0005941008567
34,2806,30,2802,0.0005941008567
34,2806,31,2803,0.01155550219
34,2806,32,2804,0.0005941008567
34,2806,33,2805,0.0005941008567
34,2806,35,2807,0.0005941008567
34,2806,36,2808,0.0005941008567
34,2806,37,2809,0.0005941008567
34,2806,38,3002,0.001532998518
34,2806,39,3003,0.001640294679
34,2806,40,3004,0.0005941008567
34,2806,41,3005,0.1079806462
35,2807,0,1100,0.7625634074
35,2807,1,1102,0.003796098055
35,2807,2,1103,0.003796098055
35,2807,3,1104,0.003796098055
35,2807,4,1105,0.003796098055
35,2807,5,1106,0.003796098055
35,2807,6,1107,0.0121790478
35,2807,7,1108,0.003796098055
35,2807,8,1109,0.003796098055
35,2807,9,1110,0.003796098055
35,2807,10,1111,0.01874409057
35,2807,11,1302,0.004270534962
35,2807,12,1303,0.003868574277
35,2807,13,1304,0.003796098055
35,2807,14,1305,0.003796098055
35,2807,15,1306,0.003796098055
35,2807,16,1307,0.003796098055
35,2807,17,1308,0.003796098055
35,2807,18,1309,0.003796098055
35,2807,19,1310,0.003796098055
35,2807,20,1311,0.003796098055
35,2807,21,1312,0.003796098055
35,2807,22,1313,0.003796098055
35,2807,23,1314,0.003796098055
35,2807,24,1315,0.004309510347
35,2807,25,2402,0.003796098055
35,2807,26,2403,0.003796098055
35,2807,27,2404,0.003796098055
35,2807,28,2405,0.003796098055
35,2807,29,2406,0.01570687816
35,2807,30,2802,0.003796098055
35,2807,31,2803,0.01916747727
35,2807,32,2804,0.003981495276
35,2807,33,2805,0.003796098055
35,2807,34,2806,0.003796098055
35,2807,36,2808,0.003796098055
35,2807,37,2809,0.003796098055
35,2807,38,3002,0.003796098055
35,2807,39,3003,0.01119305007
35,2807,40,3004,0.003796098055
35,2807,41,3005,0.0259772297
36,2808,0,1100,0.830917418
36,2808,1,1102,0.001025225851
36,2808,2,1103,0.0007584566483
36,2808,3,1104,0.0007584566483
36,2808,4,1105,0.0007584566483
36,2808,5,1106,0.0007584566483
36,2808,6,1107,0.0007584566483
36,2808,7,1108,0.0007584566483
36,2808,8,1109,0.0009292127215
36,2808,9,1110,0.001117425389
36,2808,10,1111,0.1156677008
36,2808,11,1302,0.0009932646062
36,2808,12,1303,0.0008816481568
36,2808,13,1304,0.0007584566483
36,2808,14,1305,0.0007584566483
36,2808,15,1306,0.0007584566483
36,2808,16,1307,0.0007584566483
36,2808,17,1308,0.0007584566483
36,2808,18,1309,0.0007584566483
36,2808,19,1310,0.0007584566483
36,2808,20,1311,0.0007584566483
36,2808,21,1312,0.0007584566483
36,2808,22,1313,0.0007584566483
36,2808,23,1314,0.0007584566483
36,2808,24,1315,0.001049878076
36,2808,25,2402,0.0007584566483
36,2808,26,2403,0.0007584566483
36,2808,27,2404,0.0007584566483
36,2808,28,2405,0.0008227662765
36,2808,29,2406,0.02177582309
36,2808,30,2802,0.000887930626
36,2808,31,2803,0.0009821871063
36,2808,32,2804,0.0007887592074
36,2808,33,2805,0.0007584566483
36,2808,34,2806,0.0008018209483
36,2808,35,2807,0.0007584566483
36,2808,37,2809,0.0007584566483
36,2808,38,3002,0.0007584566483
36,2808,39,3003,0.0008805498946
36,2808,40,3004,0.0007584566483
36,2808,41,3005,0.0007584566483
37,2809,0,1100,0.007141957991
37,2809,1,1102,0.007141957991
37,2809,2,1103,0.007141957991
37,2809,3,1104,0.01102310326
37,2809,4,1105,0.007141957991
37,2809,5,1106,0.007141957991
37,2809,6,1107,0.08018330485
37,2809,7,1108,0.110759452
37,2809,8,1109,0.007141957991
37,2809,9,1110,0.007141957991
37,2809,10,1111,0.007141957991
37,2809,11,1302,0.007141957991
37,2809,12,1303,0.007141957991
37,2809,13,1304,0.007141957991
37,2809,14,1305,0.007141957991
37,2809,15,1306,0.007141957991
37,2809,16,1307,0.007141957991
37,2809,17,1308,0.01005380042
37,2809,18,1309,0.1459296644
37,2809,19,1310,0.007141957991
37,2809,20,1311,0.007141957991
37,2809,21,1312,0.007141957991
37,2809,22,1313,0.007141957991
37,2809,23,1314,0.007141957991
37,2809,24,1315,0.007141957991
37,2809,25,2402,0.06794600189
37,2809,26,2403,0.007141957991
37,2809,27,2404,0.007141957991
37,2809,28,2405,0.007141957991
37,2809,29,2406,0.007141957991
37,2809,30,2802,0.007141957991
37,2809,31,2803,0.01235259883
37,2809,32,2804,0.007141957991
37,2809,33,2805,0.007141957991
37,2809,34,2806,0.007141957991
37,2809,35,2807,0.008629948832
37,2809,36,2808,0.007141957991
37,2809,38,3002,0.2749682963
37,2809,39,3003,0.009734404273
37,2809,40,3004,0.007141957991
37,2809,41,3005,0.04701881483
38,3002,0,1100,0.01787091047
38,3002,1,1102,0.01787091047
38,3002,2,1103,0.03198820353
38,3002,3,1104,0.01787091047
38,3002,4,1105,0.03124245442
38,3002,5,1106,0.02051811665
38,3002,6,1107,0.01787091047
38,3002,7,1108,0.03940263018
38,3002,8,1109,0.01787091047
38,3002,9,1110,0.01787091047
38,3002,10,1111,0.01787091047
38,3002,11,1302,0.01787091047
38,3002,12,1303,0.0220854152
38,3002,13,1304,0.03489896283
38,3002,14,1305,0.03629190475
38,3002,15,1306,0.02143532038
38,3002,16,1307,0.02339864895
38,3002,17,1308,0.01787091047
38,3002,18,1309,0.01787091047
38,3002,19,1310,0.02818903141
38,3002,20,1311,0.02440771647
38,3002,21,1312,0.0209531635
38,3002,22,1313,0.03878505901
38,3002,23,1314,0.01946417429
38,3002,24,1315,0.01787091047
38,3002,25,2402,0.01787091047
38,3002,26,2403,0.01967134885
38,3002,27,2404,0.02893182635
38,3002,28,2405,0.02163074911
38,3002,29,2406,0.01787091047
38,3002,30,2802,0.01787091047
38,3002,31,2803,0.01787091047
38,3002,32,2804,0.01900739595
38,3002,33,2805,0.02117883787
38,3002,34,2806,0.01787091047
38,3002,35,2807,0.01845191792
38,3002,36,2808,0.02689174749
38,3002,37,2809,0.02240118198
38,3002,39,3003,0.01787091047
38,3002,40,3004,0.07740294188
38,3002,41,3005,0.01787091047
39,3003,0,1100,0.413978219
39,3003,1,1102,0.005715768319
39,3003,2,1103,0.004748354666
39,3003,3,1104,0.00729890028
39,3003,4,1105,0.004748354666
39,3003,5,1106,0.004748354666
39,3003,6,1107,0.004748354666
39,3003,7,1108,0.004748354666
39,3003,8,1109,0.005250651389
39,3003,9,1110,0.005417110864
39,3003,10,1111,0.004748354666
39,3003,11,1302,0.010671556
39,3003,12,1303,0.005384078715
39,3003,13,1304,0.004748354666
39,3003,14,1305,0.004748354666
39,3003,15,1306,0.004748354666
39,3003,16,1307,0.004748354666
39,3003,17,1308,0.007536565419
39,3003,18,1309,0.006859497167
39,3003,19,1310,0.004748354666
39,3003,20,1311,0.005167559255
39,3003,21,1312,0.004748354666
39,3003,22,1313,0.004748354666
39,3003,23,1314,0.004748631269
39,3003,24,1315,0.006039706059
39,3003,25,2402,0.006086640991
39,3003,26,2403,0.005217077211
39,3003,27,2404,0.004748354666
39,3003,28,2405,0.004748354666
39,3003,29,2406,0.3570768237
39,3003,30,2802,0.006299742498
39,3003,31,2803,0.004748354666
39,3003,32,2804,0.01001460012
39,3003,33,2805,0.005932093598
39,3003,34,2806,0.007626251318
39,3003,35,2807,0.01276408602
39,3003,36,2808,0.004748354666
39,3003,37,2809,0.005198997911
39,3003,38,3002,0.004748354666
39,3003,40,3004,0.004748354666
39,3003,41,3005,0.004748354666
40,3004,0,1100,0.6329106688
40,3004,1,1102,0.001263194135
40,3004,2,1103,0.001263194135
40,3004,3,1104,0.001263194135
40,3004,4,1105,0.001263194135
40,3004,5,1106,0.001263194135
40,3004,6,1107,0.05308859795
40,3004,7,1108,0.001263194135
40,3004,8,1109,0.001263194135
40,3004,9,1110,0.001263194135
40,3004,10,1111,0.001263194135
40,3004,11,1302,0.001263194135
40,3004,12,1303,0.001263194135
40,3004,13,1304,0.001263194135
40,3004,14,1305,0.001263194135
40,3004,15,1306,0.001263194135
40,3004,16,1307,0.001263194135
40,3004,17,1308,0.001263194135
40,3004,18,1309,0.001263194135
40,3004,19,1310,0.001263194135
40,3004,20,1311,0.001263194135
40,3004,21,1312,0.001263194135
40,3004,22,1313,0.001263194135
40,3004,23,1314,0.001263194135
40,3004,24,1315,0.001263194135
40,3004,25,2402,0.002763606841
40,3004,26,2403,0.001263194135
40,3004,27,2404,0.001263194135
40,3004,28,2405,0.001263194135
40,3004,29,2406,0.001263194135
40,3004,30,2802,0.001263194135
40,3004,31,2803,0.04879586026
40,3004,32,2804,0.001265792176
40,3004,33,2805,0.001263194135
40,3004,34,2806,0.001263194135
40,3004,35,2807,0.001663408242
40,3004,36,2808,0.001263194135
40,3004,37,2809,0.001263194135
40,3004,38,3002,0.001263194135
40,3004,39,3003,0.01300217677
40,3004,41,3005,0.2035614699
41,3005,0,1100,0.08340339363
41,3005,1,1102,0.02343722247
41,3005,2,1103,0.01957251504
41,3005,3,1104,0.01957251504
41,3005,4,1105,0.01957251504
41,3005,5,1106,0.01957251504
41,3005,6,1107,0.02937396802
41,3005,7,1108,0.01957251504
41,3005,8,1109,0.02147099003
41,3005,9,1110,0.02408200689
41,3005,10,1111,0.0666160509
41,3005,11,1302,0.02317643724
41,3005,12,1303,0.01957251504
41,3005,13,1304,0.01957251504
41,3005,14,1305,0.01957251504
41,3005,15,1306,0.01957251504
41,3005,16,1307,0.01957251504
41,3005,17,1308,0.01959295012
41,3005,18,1309,0.01957251504
41,3005,19,1310,0.01957251504
41,3005,20,1311,0.01957251504
41,3005,21,1312,0.01957251504
41,3005,22,1313,0.01957251504
41,3005,23,1314,0.01957251504
41,3005,24,1315,0.02227454633
41,3005,25,2402,0.02023904957
41,3005,26,2403,0.01957251504
41,3005,27,2404,0.01957251504
41,3005,28,2405,0.01957251504
41,3005,29,2406,0.03543007001
41,3005,30,2802,0.02081213892
41,3005,31,2803,0.02697255835
41,3005,32,2804,0.01957251504
41,3005,33,2805,0.01957251504
41,3005,34,2806,0.02001196519
41,3005,35,2807,0.01957251504
41,3005,36,2808,0.01957251504
41,3005,37,2809,0.01957251504
41,3005,38,3002,0.01957251504
41,3005,39,3003,0.02422053739
41,3005,40,3004,0.01957251504
